{
    "京新高速":{
        "延庆桥东":[115.98163156901515,40.46216897375426],
        "米家堡立交桥":[116.4133836971231,39.910924547299565],
        "京银路":[116.12369382709387,40.36251709751521],
        "德胜口隧道":[116.18348460975307,40.27723370493306],
        "邓庄桥":[116.21820774686796,40.23595229300273],
        "楼自庄桥":[116.22092619001921,40.174140750591235],
        "京新沙阳路桥":[116.24705378396354,40.12609894798152],
        "小牛坊桥":[116.2827001024646,40.09483520296889],
        "西二旗桥":[116.31126952883601,40.05965633851729],
        "箭亭桥":[116.335579516564,40.02682720033717],
        "圆明园西路":[116.29289174498395,40.02183993037002],
        "万泉河路":[116.30809138143327,39.97950171333542]
    },
    "京藏高速":{
        "营城子桥":[115.95787266836159,40.36955085261653],
        "八达岭":[116.01081796418708,40.36417206647983],
        "居庸关":[116.07915943043629,40.29697171979913],
        "邓庄桥":[116.21820774686796,40.23595229300273],
        "西关环岛":[116.43934364839485,40.203846],
        "百葛桥":[116.25123433251875,40.1789482176028],
        "沙河大桥":[116.27582233951395,40.1291727006303],
        "辛庄桥":[117.14535184339559,40.092228546173246],
        "回龙观桥":[116.32789106343299,40.06935058761245],
        "西三旗桥":[116.33557226184871,40.06064208630955],
        "上清桥":[116.36259834994716,40.0277849820377],
        "健翔桥":[116.3858916893973,39.99359267572788],
        "马甸桥":[116.38830749791376,39.974336942685895],
        "德胜门桥":[116.38337657949485,39.954901289838006],
        "德胜门外大街":[116.38567135122521,39.96368246414445]
    },
    "北三环":{
        "苏州桥":[116.31472111863938,39.96827312424149],
        "四通桥":[116.32784328705445,39.97279942391613],
        "联想桥":[116.34166321157944,39.97315595396998],
        "蓟门桥":[116.36030827635464,39.97337868988849],
        "北太平庄":[116.37898276675127,39.95769675189741],
        "马甸桥":[116.38830749791376,39.974336942685895]
    },
    "学院南路":{
        "魏公村":[116.32447750249507,39.96267350936121],
        "灶君庙街":[116.3433836971231,39.910924547299565],
        "明光桥":[116.36105626570871,39.96431511538817],
        "新康路":[116.43738399133161,39.73506754221308]
    },
    "紫竹院路":{
        "车道沟桥":[116.30262004331786,39.95443569677265],
        "紫竹桥":[116.31627327288261,39.94763838294328],
        "白石新桥":[116.33220652310293,39.944526511908705]
    },
    "西直门外大街":{
        "白石新桥":[116.33220652310293,39.944526511908705],
        "展览馆路":[116.35075840035941,39.9380725498086],
        "西直门":[116.49191536141639,39.92671605612581]
    },
    "北二环":{
        "西直门":[116.36191536141639,39.92671605612581],
        "积水潭":[116.37757723949537,39.95426294352174],
        "德胜门":[116.38784127825238,39.961989144241294]
    },
    "车公庄西路":{
        "花园桥":[116.31654169914528,39.938302230201344],
        "白石桥南":[116.33535009564367,40.29913025201858],
        "车公庄大街":[116.35723317088203,39.93802675963167]
    },
    "车公庄大街":{
        "车公庄西路":[116.33224859344487,39.938069141834724],
        "车公庄西":[116.35065430471693,39.93806147434238],
        "官园桥":[116.3625119131944,39.938078584540044]
    },
    "阜成路":{
        "八里庄桥":[116.30242216547842,39.93127577183865],
        "航天桥":[116.31669339958995,39.93007985266963],
        "白堆子":[116.32734642080227,39.93342062862606],
        "甘家口":[116.33198553994747,39.93524372741382]
    },
    "阜成门外大街":{
        "甘家口":[116.33198553994747,39.93524372741382],
        "展览馆路":[116.35075840035941,39.9380725498086],
        "阜成门":[116.35985816331106,39.929940685261414]
    },
    "蓝靛厂南路":{
        "长春桥":[116.30044806905242,39.963197816717155],
        "车道沟桥":[116.30262004331786,39.95443569677265],
        "慈寿寺桥":[116.30272297295981,39.938581399423],
        "八里庄桥":[116.30242216547842,39.93127577183865]
    },
    "西三环":{
        "苏州桥":[116.31472111863938,39.96827312424149],
        "魏公村路":[116.32150781497066,39.962879688000896],
        "紫竹桥":[116.31627327288261,39.94763838294328],
        "花园桥":[116.31654169914528,39.938302230201344],
        "航天桥":[116.31669339958995,39.93007985266963]
    },
    "首体南路":{
        "白石新桥":[116.33220652310293,39.944526511908705],
        "白石桥南":[116.23535009564367,39.93913025201858],
        "白堆子":[116.32734642080227,39.93342062862606]
    },
    "三里河路":{
        "西直门外大街":[116.85560162340559,40.38189035434437],
        "车公庄大街":[116.35723317088203,39.93802675963167],
        "甘家口":[116.33198553994747,39.93524372741382]
    },
    "展览馆路":{
        "西直门外大街":[116.85560162340559,40.38189035434437],
        "车公庄西":[116.35065430471693,39.93806147434238],
        "阜成门外大街":[116.35034974411514,39.92883136918272]
    },
    "西二环":{
        "西直门":[116.49191536141639,39.94671605612581],
        "官园桥":[116.3625119131944,39.938078584540044],
        "阜成门":[116.35985816331106,39.929940685261414]
    },
    "新街口外大街":{
        "北太平庄":[116.33898276675127,39.95769675189741],
        "学院南路":[116.37880073159997,39.95649051982503],
        "积水潭":[116.37757723949537,39.95426294352174]
    },
    "紫竹院路_":{
        "四季青桥":[116.28093215367855,39.95276120160914],
        "紫竹桥":[116.31627327288261,39.9763838294328],
        "西直门外大街":[116.85560162340559,40.38189035434437]
    },
    "阜成路_":{
        "定慧桥":[116.28013804352298,39.931425118278575],
        "西翠路":[116.2897097160031,39.920489021700014],
        "航天桥":[116.31669339958995,39.93007985266963],
	"阜成门外大街":[116.35034974411514,39.92883136918272]
    },
    "玉渊潭南路_":{
        "西四环":[116.2833836971231,39.910924547299565],
        "五棵松体育馆":[116.28739904426521,39.91713809350889],
        "西翠路":[116.2897097160031,39.920489021700014]
    },
    "复兴路_":{
        "玉泉路站":[116.25963607166538,39.92188360686101],
        "五棵松桥":[116.28052870041978,39.91384107565401],
        "西翠路":[116.2897097160031,39.920489021700014],
	"新兴桥":[116.31689666097431,39.9119907641702],
	"复兴门外大街":[116.35023039524508,39.912874501472565]

    },
    "莲石东路_":{
        "衙门口桥":[116.21620882037935,39.898405301025896],
        "莲玉桥":[116.25955392971126,39.9029269572548],
        "南沙窝桥":[116.2818469700438,39.9032008577898]

    },
    "莲花池西路_":{
        "南沙窝桥":[116.2818469700438,39.9032008577898],
        "西翠路":[116.2897097160031,39.920489021700014],
        "莲花桥":[116.31622184848538,39.902346529424136]
    },
    "西五环_":{
        "杏石口桥":[116.22148203002808,39.96196337810528],
        "晋元桥":[116.2202143889026,39.93149496530788],
	"八角桥":[116.21775065399056,39.91167700968223],
        "衙门口桥":[116.21620882037935,39.898405301025896]
    },
    "西四环_":{
        "四季青桥":[116.28093215367855,39.95276120160914],
        "定慧桥":[116.28013804352298,39.931425118278575],
	"玉渊潭南路":[116.31419403608479,39.91903714363733],
        "五棵松桥":[116.28052870041978,39.91384107565401],
	"南沙窝桥":[116.2818469700438,39.9032008577898]
    },
    "西翠路_":{
        "阜成路":[116.30601044773634,39.930063599085884],
        "玉渊潭南路":[116.31419403608479,39.91903714363733],
	"复兴路":[116.83772606240143,39.91782350198614],
        "莲花池西路":[116.29041647223596,39.903292022552726]
    },
    "西三环_":{
        "紫竹桥":[116.31627327288261,39.94763838294328],
        "航天桥":[116.31669339958995,39.93007985266963],
	"新兴桥":[116.31689666097431,39.9119907641702],
        "莲花桥":[116.31622184848538,39.902346529424136]
    },
    "西二环_":{
        "西直门桥":[116.36236571936249,39.94690758634936],
        "阜成门桥":[116.36350825168299,39.928502865877725],
	"复兴门桥":[116.36302120031682,39.912889319018916]
    }
}